{"cameraMode":{"drawMode":0,"name":"Shaded","section":"Shading Mode"},"sceneLighting":true,"audioPlay":false,"sceneViewState":{"showFog":true,"showMaterialUpdate":false,"showSkybox":true,"showFlares":true,"showImageEffects":true,"showParticleSystems":true},"in2DMode":false,"pivot":{"x":307.8077392578125,"y":330.2875671386719,"z":-23.5162353515625},"rotation":{"x":-0.0002479098329786211,"y":0.9996562600135803,"z":-0.024306051433086396,"w":-0.010195818729698658},"size":777.7199096679688,"orthographic":false}